{"stats":{"minecraft:picked_up":{"minecraft:acacia_wood":4},"minecraft:mined":{"minecraft:acacia_wood":4},"minecraft:custom":{"minecraft:jump":67,"minecraft:time_since_rest":2594,"minecraft:crouch_one_cm":373,"minecraft:damage_dealt":15,"minecraft:leave_game":2,"minecraft:play_time":2594,"minecraft:sprint_one_cm":3757,"minecraft:damage_taken":10,"minecraft:time_since_death":2594,"minecraft:walk_one_cm":1632,"minecraft:sneak_time":239,"minecraft:total_world_time":2594,"minecraft:fall_one_cm":3425,"minecraft:fly_one_cm":16208},"minecraft:used":{"alexsmobs:animal_dictionary":1}},"DataVersion":3465}