{"stats":{"minecraft:picked_up":{"minecraft:jungle_log":3,"minecraft:sugar_cane":2},"minecraft:crafted":{"minecraft:jungle_planks":4},"minecraft:mined":{"minecraft:grass":1,"minecraft:vine":2,"minecraft:jungle_log":3,"minecraft:jungle_leaves":6,"minecraft:sugar_cane":2},"minecraft:killed_by":{"minecraft:skeleton":1,"minecraft:zombie":1},"minecraft:used":{"minecraft:jungle_planks":4,"minecraft:jungle_log":1,"alexsmobs:animal_dictionary":1},"minecraft:custom":{"minecraft:time_since_rest":775,"minecraft:crouch_one_cm":2128,"minecraft:sprint_one_cm":24108,"minecraft:play_time":16074,"minecraft:deaths":4,"minecraft:damage_taken":1140,"minecraft:walk_one_cm":9802,"minecraft:sneak_time":1463,"minecraft:walk_under_water_one_cm":2343,"minecraft:jump":191,"minecraft:leave_game":3,"minecraft:walk_on_water_one_cm":3269,"minecraft:time_since_death":716,"minecraft:climb_one_cm":9185,"minecraft:total_world_time":16074,"minecraft:swim_one_cm":6456,"minecraft:fall_one_cm":12208,"minecraft:fly_one_cm":20338}},"DataVersion":3465}