{"stats":{"minecraft:crafted":{"minecraft:jungle_planks":4},"minecraft:killed_by":{"minecraft:skeleton":3,"minecraft:zombie":1},"minecraft:mined":{"minecraft:grass":10,"minecraft:vine":4,"minecraft:jungle_log":3,"minecraft:jungle_leaves":12,"minecraft:sugar_cane":2,"minecraft:oak_leaves":39,"minecraft:fern":3},"minecraft:picked_up":{"minecraft:bone":1,"minecraft:jungle_log":3,"minecraft:lead":1,"minecraft:oak_sapling":1,"minecraft:sugar_cane":2},"minecraft:used":{"minecraft:jungle_planks":4,"minecraft:jungle_log":1,"alexsmobs:animal_dictionary":1},"minecraft:killed":{"luminousworld:crab":2,"luminousworld:sunken_skeleton":1},"minecraft:custom":{"minecraft:time_since_rest":39010,"minecraft:crouch_one_cm":2128,"minecraft:play_time":65697,"minecraft:sprint_one_cm":66484,"minecraft:damage_taken":2110,"minecraft:walk_one_cm":26878,"minecraft:deaths":8,"minecraft:sneak_time":1474,"minecraft:walk_under_water_one_cm":4129,"minecraft:mob_kills":3,"minecraft:jump":481,"minecraft:damage_dealt":475,"minecraft:leave_game":11,"minecraft:time_since_death":38977,"minecraft:walk_on_water_one_cm":11571,"minecraft:total_world_time":65697,"minecraft:climb_one_cm":14255,"minecraft:swim_one_cm":14368,"minecraft:fly_one_cm":59691,"minecraft:fall_one_cm":20673}},"DataVersion":3465}