{"stats":{"minecraft:custom":{"minecraft:time_since_rest":8460,"minecraft:crouch_one_cm":101,"minecraft:sprint_one_cm":7921,"minecraft:play_time":8460,"minecraft:damage_taken":30,"minecraft:walk_one_cm":4344,"minecraft:sneak_time":122,"minecraft:walk_under_water_one_cm":65,"minecraft:jump":89,"minecraft:leave_game":2,"minecraft:time_since_death":8460,"minecraft:walk_on_water_one_cm":158,"minecraft:climb_one_cm":3477,"minecraft:total_world_time":8460,"minecraft:swim_one_cm":6456,"minecraft:fall_one_cm":2454,"minecraft:fly_one_cm":13458},"minecraft:used":{"minecraft:jungle_log":1,"alexsmobs:animal_dictionary":1},"minecraft:picked_up":{"minecraft:jungle_log":2,"minecraft:sugar_cane":2},"minecraft:mined":{"minecraft:grass":1,"minecraft:vine":2,"minecraft:jungle_log":2,"minecraft:sugar_cane":2}},"DataVersion":3465}