{"stats":{"minecraft:killed_by":{"minecraft:skeleton":3,"minecraft:zombie":1},"minecraft:crafted":{"minecraft:jungle_planks":4},"minecraft:picked_up":{"minecraft:jungle_log":3,"minecraft:oak_sapling":1,"minecraft:sugar_cane":2},"minecraft:mined":{"minecraft:grass":5,"minecraft:vine":4,"minecraft:jungle_log":3,"minecraft:jungle_leaves":12,"minecraft:sugar_cane":2,"minecraft:oak_leaves":39,"minecraft:fern":2},"minecraft:custom":{"minecraft:time_since_rest":32490,"minecraft:crouch_one_cm":2128,"minecraft:play_time":59177,"minecraft:sprint_one_cm":45301,"minecraft:damage_taken":1980,"minecraft:deaths":8,"minecraft:walk_one_cm":23976,"minecraft:sneak_time":1463,"minecraft:walk_under_water_one_cm":2343,"minecraft:jump":340,"minecraft:damage_dealt":79,"minecraft:leave_game":9,"minecraft:time_since_death":32457,"minecraft:walk_on_water_one_cm":3269,"minecraft:climb_one_cm":12848,"minecraft:total_world_time":59177,"minecraft:swim_one_cm":6456,"minecraft:fall_one_cm":18539,"minecraft:fly_one_cm":38652},"minecraft:used":{"minecraft:jungle_planks":4,"minecraft:jungle_log":1,"alexsmobs:animal_dictionary":1}},"DataVersion":3465}