{"stats":{"minecraft:used":{"minecraft:jungle_planks":4,"minecraft:jungle_log":1,"alexsmobs:animal_dictionary":1},"minecraft:mined":{"minecraft:grass":1,"minecraft:vine":4,"minecraft:jungle_log":3,"minecraft:jungle_leaves":6,"minecraft:sugar_cane":2,"minecraft:oak_leaves":39},"minecraft:picked_up":{"minecraft:jungle_log":3,"minecraft:oak_sapling":1,"minecraft:sugar_cane":2},"minecraft:crafted":{"minecraft:jungle_planks":4},"minecraft:killed_by":{"minecraft:skeleton":1,"minecraft:zombie":1},"minecraft:custom":{"minecraft:time_since_rest":489,"minecraft:crouch_one_cm":2128,"minecraft:sprint_one_cm":38774,"minecraft:play_time":24848,"minecraft:damage_taken":1265,"minecraft:deaths":5,"minecraft:walk_one_cm":20210,"minecraft:sneak_time":1463,"minecraft:walk_under_water_one_cm":2343,"minecraft:jump":271,"minecraft:leave_game":7,"minecraft:time_since_death":463,"minecraft:walk_on_water_one_cm":3269,"minecraft:climb_one_cm":10499,"minecraft:total_world_time":24848,"minecraft:swim_one_cm":6456,"minecraft:fall_one_cm":15561,"minecraft:fly_one_cm":32010}},"DataVersion":3465}