{"stats":{"minecraft:picked_up":{"minecraft:jungle_log":3,"minecraft:sugar_cane":2},"minecraft:killed_by":{"minecraft:skeleton":1,"minecraft:zombie":1},"minecraft:custom":{"minecraft:time_since_rest":3706,"minecraft:crouch_one_cm":2128,"minecraft:sprint_one_cm":25802,"minecraft:play_time":19005,"minecraft:damage_taken":1185,"minecraft:deaths":4,"minecraft:walk_one_cm":10887,"minecraft:sneak_time":1463,"minecraft:walk_under_water_one_cm":2343,"minecraft:jump":203,"minecraft:leave_game":5,"minecraft:walk_on_water_one_cm":3269,"minecraft:time_since_death":3647,"minecraft:climb_one_cm":9317,"minecraft:total_world_time":19005,"minecraft:swim_one_cm":6456,"minecraft:fall_one_cm":12208,"minecraft:fly_one_cm":20976},"minecraft:used":{"minecraft:jungle_planks":4,"minecraft:jungle_log":1,"alexsmobs:animal_dictionary":1},"minecraft:mined":{"minecraft:grass":1,"minecraft:vine":4,"minecraft:jungle_log":3,"minecraft:jungle_leaves":6,"minecraft:sugar_cane":2,"minecraft:oak_leaves":1},"minecraft:crafted":{"minecraft:jungle_planks":4}},"DataVersion":3465}