{"stats":{"minecraft:picked_up":{"minecraft:stick":4,"minecraft:oak_log":3},"minecraft:mined":{"minecraft:oak_log":3,"minecraft:oak_leaves":2},"minecraft:custom":{"minecraft:jump":23,"minecraft:time_since_rest":2146,"minecraft:damage_taken":60,"minecraft:sprint_one_cm":1746,"minecraft:leave_game":3,"minecraft:play_time":2146,"minecraft:time_since_death":2146,"minecraft:walk_one_cm":2567,"minecraft:total_world_time":2146,"minecraft:fall_one_cm":2778,"minecraft:fly_one_cm":4196},"minecraft:used":{"alexsmobs:animal_dictionary":1}},"DataVersion":3465}